{"cameraMode":{"drawMode":0,"name":"Shaded","section":"Shading Mode"},"sceneLighting":false,"audioPlay":false,"sceneViewState":{"showFog":true,"showMaterialUpdate":false,"showSkybox":false,"showFlares":true,"showImageEffects":true,"showParticleSystems":true},"in2DMode":false,"pivot":{"x":-13.417633056640625,"y":10.460000038146973,"z":21.2276611328125},"rotation":{"x":0.0018191109411418439,"y":0.9921901822090149,"z":0.014576775021851063,"w":-0.1238664761185646},"size":15.758800506591797,"orthographic":false}